[
  {
    "Accept": "text/html,application/xhtml+xml,application/xml;q=0.9,image/webp,*/*;q=0.8",
    "Accept-Language": "en-US,en;q=0.5",
    "Connection": "keep-alive",
    "Sec-Fetch-Dest": "document",
    "Sec-Fetch-Mode": "navigate",
    "Sec-Fetch-Site": "none",
    "Upgrade-Insecure-Requests": "1"
  },
  {
    "Accept": "application/json, text/javascript, */*; q=0.01",
    "Accept-Language": "en-GB,en;q=0.9",
    "X-Requested-With": "XMLHttpRequest",
    "Connection": "keep-alive",
    "Pragma": "no-cache",
    "Cache-Control": "no-cache"
  },
  {
    "Accept": "text/html,application/xhtml+xml,application/xml;q=0.9,image/avif,image/webp,*/*;q=0.8",
    "Accept-Encoding": "gzip, deflate, br",
    "Accept-Language": "en-US,en;q=0.9",
    "Connection": "keep-alive"
  }
]
